iso3,country,role,person,person_qid,start,end
ABW,Aruba,head_of_government,Evelyn Wever-Croes,Q23038705,2017-11-17T00:00:00Z,
ABW,Aruba,head_of_state,Guilherme Alexandre dos Países Baixos,Q154952,,
AFG,Afeganistão,head_of_government,Mohammad Hasan Akhund,Q108444479,2023-07-17T00:00:00Z,
AFG,Afeganistão,head_of_state,Hibatullah Akhundzada,Q24237654,2021-08-15T00:00:00Z,
AGO,Angola,head_of_government,João Lourenço,Q28650390,2017-09-26T00:00:00Z,
AGO,Angola,head_of_state,João Lourenço,Q28650390,2017-08-23T00:00:00Z,
AIA,Anguila,head_of_government,Ellis Webster,Q98079363,2020-06-30T00:00:00Z,
ALA,Ilhas Aland,head_of_government,Katrin Sjögren,Q2269243,,
ALB,Albânia,head_of_government,Edi Rama,Q316901,,
ALB,Albânia,head_of_state,Bajram Begaj,Q107422711,2022-07-24T00:00:00Z,
AND,Andorra,head_of_government,Xavier Espot Zamora,Q21001195,2019-05-16T00:00:00Z,
AND,Andorra,head_of_state,Josep-Lluís Serrano Pentinat,Q93244592,2025-01-01T00:00:00Z,
ARE,Emirados Árabes Unidos,head_of_government,Mohammed bin Rashid Al Maktoum,Q57655,,
ARE,Emirados Árabes Unidos,head_of_state,Maomé bin Zayed Al Nahyan,Q1951896,2022-05-14T00:00:00Z,
ARG,Argentina,head_of_government,Javier Milei,Q52395487,2023-12-10T00:00:00Z,
ARG,Argentina,head_of_state,Javier Milei,Q52395487,2023-12-10T00:00:00Z,
ARM,Armênia,head_of_government,Nikol Pashinyan,Q7035479,2018-05-08T00:00:00Z,
ARM,Armênia,head_of_state,Vahagn Khachaturyan,Q3553274,2022-03-13T00:00:00Z,
ASM,Samoa Americana,head_of_government,Lemanu Peleti Mauga,Q6521013,,
ATG,Antígua e Barbuda,head_of_government,Gaston Browne,Q17177542,,
ATG,Antígua e Barbuda,head_of_state,Carlos III do Reino Unido,Q43274,2022-09-08T00:00:00Z,
AUS,Austrália,head_of_government,Anthony Albanese,Q335697,2022-05-23T00:00:00Z,
AUS,Austrália,head_of_state,Carlos III do Reino Unido,Q43274,2022-09-08T00:00:00Z,
AUT,Áustria,head_of_government,Christian Stocker,Q64576653,2025-03-03T00:00:00Z,
AUT,Áustria,head_of_state,Alexander van der Bellen,Q78869,2017-01-26T00:00:00Z,
AZE,Azerbaijão,head_of_government,Ali Asadov,Q12850075,2018-10-08T00:00:00Z,
AZE,Azerbaijão,head_of_state,Ilham Aliyev,Q57371,2003-10-31T00:00:00Z,
BDI,Burundi,head_of_government,Gervais Ndirakobuca,Q107136851,2023-09-07T00:00:00Z,
BDI,Burundi,head_of_state,Évariste Ndayishimiye,Q27329764,2020-06-18T00:00:00Z,
BEL,Bélgica,head_of_government,Bart De Wever,Q336599,2025-02-03T00:00:00Z,
BEL,Bélgica,head_of_state,"Filipe, Duque de Brabante",Q155004,2013-07-21T00:00:00Z,
BEN,Benin,head_of_government,Patrice Talon,Q16669148,2016-04-06T00:00:00Z,
BEN,Benin,head_of_state,Patrice Talon,Q16669148,2016-04-06T00:00:00Z,
BFA,Burquina Faso,head_of_government,Apollinaire Kyélem de Tambèla,Q114835874,2022-01-23T00:00:00Z,
BFA,Burquina Faso,head_of_state,Ibrahim Traoré,Q114341246,2022-10-06T00:00:00Z,
BGD,Bangladesh,head_of_government,Muhammad Yunus,Q43969,2024-08-08T00:00:00Z,
BGD,Bangladesh,head_of_state,Mohammad Shahabuddin,Q116763154,2023-04-24T00:00:00Z,
BGR,Bulgária,head_of_government,Rosen Zhelyazkov,Q59978016,2025-01-16T00:00:00Z,
BGR,Bulgária,head_of_state,Rumen Radev,Q26257557,2017-01-22T00:00:00Z,
BHR,Barein,head_of_government,Salman bin Hamad bin Isa Al Khalifa,Q58140,2020-11-11T00:00:00Z,
BHR,Barein,head_of_state,Hamad bin Isa al-Khalifa,Q57352,1999-03-06T00:00:00Z,
BHS,Bahamas,head_of_government,Philip Edward Davis,Q7183082,2021-09-17T00:00:00Z,
BHS,Bahamas,head_of_state,Carlos III do Reino Unido,Q43274,2022-09-08T00:00:00Z,
BIH,Bósnia e Herzegovina,head_of_government,Borjana Krišto,Q387491,2023-01-01T00:00:00Z,
BIH,Bósnia e Herzegovina,head_of_state,Denis Bećirović,Q13081568,2022-01-01T00:00:00Z,
BLR,Bielorrússia,head_of_government,Alexandre Tourchine,Q56235580,2025-03-10T00:00:00Z,
BLR,Bielorrússia,head_of_state,Aleksandr Lukashenko,Q2866,1994-07-20T00:00:00Z,
BLZ,Belize,head_of_government,Johnny Briceño,Q6266369,2020-11-12T00:00:00Z,
BLZ,Belize,head_of_state,Carlos III do Reino Unido,Q43274,2022-09-08T00:00:00Z,
BMU,Bermudas,head_of_government,Edward David Burt,Q33120852,,
BMU,Bermudas,head_of_state,John Rankin,Q15429094,,
BOL,Bolívia,head_of_government,Luis Alberto Arce Catacora,Q16149892,,
BOL,Bolívia,head_of_state,Luis Alberto Arce Catacora,Q16149892,2020-11-08T00:00:00Z,
BRA,Brasil,head_of_government,Luiz Inácio Lula da Silva,Q37181,2023-01-01T00:00:00Z,
BRA,Brasil,head_of_state,Luiz Inácio Lula da Silva,Q37181,2023-01-01T00:00:00Z,
BRB,Barbados,head_of_government,Mia Mottley,Q6827147,2018-05-25T00:00:00Z,
BRB,Barbados,head_of_state,Sandra Mason,Q9333540,2021-11-30T00:00:00Z,
BRN,Brunei,head_of_government,Hassanal Bolkiah,Q57327,,
BRN,Brunei,head_of_state,Hassanal Bolkiah,Q57327,,
BTN,Butão,head_of_government,Tshering Tobgay,Q7849613,2024-01-28T00:00:00Z,
BTN,Butão,head_of_state,Jigme Khesar Namgyal Wangchuck,Q57376,2008-11-06T00:00:00Z,
BWA,Botsuana,head_of_state,Duma Boko,Q18618881,2024-11-01T00:00:00Z,
CAF,República Centro-Africana,head_of_government,Félix Moloua,Q88310768,2022-02-07T00:00:00Z,
CAF,República Centro-Africana,head_of_state,Faustin-Archange Touadéra,Q57758,2016-03-30T00:00:00Z,
CAN,Canadá,head_of_government,Mark Carney,Q192533,2025-03-14T00:00:00Z,
CAN,Canadá,head_of_state,Carlos III do Reino Unido,Q43274,2022-09-08T00:00:00Z,
CHE,Suíça,head_of_government,Conselho Federal,Q30917,,
CHE,Suíça,head_of_state,Conselho Federal,Q30917,,
CHL,Chile,head_of_government,Gabriel Boric,Q16297876,2022-03-11T00:00:00Z,
CHL,Chile,head_of_state,Gabriel Boric,Q16297876,2022-03-11T00:00:00Z,
CHN,China,head_of_government,Li Qiang,Q4414390,2023-03-11T00:00:00Z,
CHN,China,head_of_state,Xi Jinping,Q15031,2013-03-14T00:00:00Z,
CIV,Costa do Marfim,head_of_government,Robert Beugré Mambé,Q3434569,2023-10-16T00:00:00Z,
CIV,Costa do Marfim,head_of_state,Alassane Ouattara,Q57413,2010-12-04T00:00:00Z,
CMR,Camarões,head_of_government,Joseph Dion Ngute,Q60441515,2019-01-04T00:00:00Z,
CMR,Camarões,head_of_state,Paul Biya,Q57272,1982-11-06T00:00:00Z,
COD,Congo - Kinshasa,head_of_government,Sylvestre Ilunga,Q63967715,2019-09-07T00:00:00Z,
COD,Congo - Kinshasa,head_of_state,Félix Tshisekedi,Q29032770,2019-01-24T00:00:00Z,
COG,República do Congo,head_of_government,Anatole Collinet Makosso,Q4752077,2021-05-12T00:00:00Z,
COG,República do Congo,head_of_state,Denis Sassou-Nguesso,Q57418,1997-10-25T00:00:00Z,
COK,Ilhas Cook,head_of_government,Mark Brown,Q6766871,2020-10-01T00:00:00Z,
COK,Ilhas Cook,head_of_state,Carlos III do Reino Unido,Q43274,2022-09-08T00:00:00Z,
COL,Colômbia,head_of_government,Gustavo Petro,Q704022,2022-08-07T00:00:00Z,
COL,Colômbia,head_of_state,Gustavo Petro,Q704022,2022-08-07T00:00:00Z,
COM,Comores,head_of_government,Azali Assoumani,Q515602,2016-05-26T00:00:00Z,
COM,Comores,head_of_state,Azali Assoumani,Q515602,2016-01-01T00:00:00Z,
CPV,Cabo Verde,head_of_government,Ulisses Correia e Silva,Q23899522,2016-04-22T00:00:00Z,
CPV,Cabo Verde,head_of_state,José Maria Neves,Q57649,2021-11-09T00:00:00Z,
CRI,Costa Rica,head_of_government,Rodrigo Chaves Robles,Q98017689,2022-05-08T00:00:00Z,
CRI,Costa Rica,head_of_state,Rodrigo Chaves Robles,Q98017689,2022-05-08T00:00:00Z,
CUB,Cuba,head_of_government,Manuel Marrero Cruz,Q79358625,2019-12-21T00:00:00Z,
CUB,Cuba,head_of_state,Miguel Díaz-Canel,Q1932603,2018-04-19T00:00:00Z,
CUW,Curaçao,head_of_government,Gilmar Pisas,Q29030093,2021-03-20T00:00:00Z,
CUW,Curaçao,head_of_state,Guilherme Alexandre dos Países Baixos,Q154952,,
CYM,Ilhas Cayman,head_of_government,Andre M. Ebanks,Q109772130,2025-05-06T00:00:00Z,
CYM,Ilhas Cayman,head_of_state,Carlos III do Reino Unido,Q43274,,
CYP,Chipre,head_of_government,Nikos Christodoulides,Q48905549,2023-02-12T00:00:00Z,
CYP,Chipre,head_of_state,Nikos Christodoulides,Q48905549,2023-02-12T00:00:00Z,
CZE,Tchéquia,head_of_government,Petr Fiala,Q3377548,2021-11-28T00:00:00Z,
CZE,Tchéquia,head_of_state,Petr Pavel,Q2080040,2023-03-09T00:00:00Z,
DEU,Alemanha,head_of_government,Friedrich Merz,Q566257,2025-05-06T00:00:00Z,
DEU,Alemanha,head_of_state,Frank-Walter Steinmeier,Q76658,2017-03-19T00:00:00Z,
DJI,Djibuti,head_of_government,Abdoulkader Kamil Mohamed,Q10522744,2013-04-01T00:00:00Z,
DJI,Djibuti,head_of_state,Ismaïl Omar Guelleh,Q57390,1999-05-08T00:00:00Z,
DMA,Dominica,head_of_government,Roosevelt Skerrit,Q57823,2004-01-08T00:00:00Z,
DMA,Dominica,head_of_state,Sylvanie Burton,Q122208779,2023-10-02T00:00:00Z,
DNK,Dinamarca,head_of_government,Mette Frederiksen,Q5015,2019-06-27T00:00:00Z,
DNK,Dinamarca,head_of_state,Frederico X da Dinamarca,Q1004037,2024-01-14T00:00:00Z,
DOM,República Dominicana,head_of_government,Luis Abinader,Q16594097,2020-08-16T00:00:00Z,
DOM,República Dominicana,head_of_state,Luis Abinader,Q16594097,2020-08-16T00:00:00Z,
DZA,Argélia,head_of_government,Sifi Ghrieb,Q133540883,2025-08-28T00:00:00Z,
DZA,Argélia,head_of_state,Abdelmadjid Tebboune,Q2821166,2019-12-19T00:00:00Z,
ECU,Equador,head_of_government,Daniel Noboa,Q112075625,2023-11-23T00:00:00Z,
ECU,Equador,head_of_state,Daniel Noboa,Q112075625,2023-11-23T00:00:00Z,
EGY,Egito,head_of_government,Moustafa Madbouly,Q54901515,2018-06-14T00:00:00Z,
EGY,Egito,head_of_state,Abdul Fatah Khalil Al-Sisi,Q307871,2014-06-08T00:00:00Z,
ERI,Eritreia,head_of_government,Isaias Afewerki,Q57348,1993-01-01T00:00:00Z,
ERI,Eritreia,head_of_state,Isaias Afewerki,Q57348,1993-01-01T00:00:00Z,
ESP,Espanha,head_of_government,Pedro Sánchez,Q6070218,2018-06-02T00:00:00Z,
ESP,Espanha,head_of_state,Filipe VI da Espanha,Q191045,2014-06-19T00:00:00Z,
EST,Estônia,head_of_government,Kristen Michal,Q1789192,2024-07-23T00:00:00Z,
EST,Estônia,head_of_state,Alar Karis,Q12358575,2021-10-11T00:00:00Z,
ETH,Etiópia,head_of_government,Abiy Ahmed Ali,Q50365049,2018-04-01T00:00:00Z,
ETH,Etiópia,head_of_state,Taye Atskeselassie,Q124831090,2024-10-07T00:00:00Z,
FIN,Finlândia,head_of_government,Petteri Orpo,Q6029546,2023-06-20T00:00:00Z,
FIN,Finlândia,head_of_state,Alexander Stubb,Q503143,2024-03-01T00:00:00Z,
FJI,Fiji,head_of_government,Sitiveni Rabuka,Q981549,2022-12-24T00:00:00Z,
FJI,Fiji,head_of_state,Wiliame Katonivere,Q109012733,2021-11-12T00:00:00Z,
FLK,Ilhas Malvinas,head_of_state,Carlos III do Reino Unido,Q43274,2022-09-08T00:00:00Z,
FRA,França,head_of_government,Sébastien Lecornu,Q20089181,2025-09-09T00:00:00Z,
FRA,França,head_of_state,Emmanuel Macron,Q3052772,2017-05-14T00:00:00Z,
FRO,Ilhas Faroé,head_of_government,Aksel V. Johannesen,Q556712,2015-09-15T00:00:00Z,
FRO,Ilhas Faroé,head_of_state,Frederico X da Dinamarca,Q1004037,2024-01-14T00:00:00Z,
FSM,Micronésia,head_of_government,Wesley Simina,Q7984081,2023-01-01T00:00:00Z,
FSM,Micronésia,head_of_state,Wesley Simina,Q7984081,2023-01-01T00:00:00Z,
GAB,Gabão,head_of_government,Raymond Ndong Sima,Q57856,2023-09-07T00:00:00Z,
GAB,Gabão,head_of_state,Brice Oligui Nguema,Q122067521,2023-08-30T00:00:00Z,
GBR,Reino Unido,head_of_government,Keir Starmer,Q6383803,2024-07-05T00:00:00Z,
GBR,Reino Unido,head_of_state,Carlos III do Reino Unido,Q43274,2022-09-08T00:00:00Z,
GEO,Geórgia,head_of_government,Irakli Kobakhidze,Q27885302,2024-02-08T00:00:00Z,
GEO,Geórgia,head_of_state,Salome Zurabishvili,Q272416,2018-12-16T00:00:00Z,
GGY,Guernsey,head_of_government,Gavin St Pier,Q27517421,2016-05-04T00:00:00Z,
GGY,Guernsey,head_of_state,Carlos III do Reino Unido,Q43274,2022-09-08T00:00:00Z,
GHA,Gana,head_of_government,Nana Akufo-Addo,Q718601,2017-01-01T00:00:00Z,
GHA,Gana,head_of_state,John Dramani Mahama,Q50678,2025-01-07T00:00:00Z,
GIB,Gibraltar,head_of_government,Fabian Picardo,Q2356379,2011-12-09T00:00:00Z,
GIB,Gibraltar,head_of_state,Carlos III do Reino Unido,Q43274,2022-09-08T00:00:00Z,
GIN,Guiné,head_of_government,Bah Oury,Q22209348,2024-02-27T00:00:00Z,
GIN,Guiné,head_of_state,Mamady Doumbouya,Q108418519,2021-10-01T00:00:00Z,
GLP,Guadalupe,head_of_government,Ary Chalus,Q2866091,2015-12-18T00:00:00Z,
GMB,Gâmbia,head_of_government,Adama Barrow,Q27917049,2017-01-21T00:00:00Z,
GMB,Gâmbia,head_of_state,Adama Barrow,Q27917049,2017-01-21T00:00:00Z,
GNB,Guiné-Bissau,head_of_government,Rui Duarte de Barros,Q627337,2023-12-21T00:00:00Z,
GNB,Guiné-Bissau,head_of_state,Umaro Sissoco Embaló,Q16855164,2020-02-27T00:00:00Z,
GNQ,Guiné Equatorial,head_of_government,Manuel Osa Nsue Nsua,Q129263796,2024-08-17T00:00:00Z,
GNQ,Guiné Equatorial,head_of_state,Teodoro Obiang Nguema Mbasogo,Q57385,1979-08-03T00:00:00Z,
GRC,Grécia,head_of_government,Kyriákos Mitsotákis,Q552751,2019-06-08T00:00:00Z,
GRC,Grécia,head_of_state,Konstantinos Tasoulas,Q20995518,2025-03-13T00:00:00Z,
GRD,Granada,head_of_government,Dickon Mitchell,Q112679881,2022-01-01T00:00:00Z,
GRD,Granada,head_of_state,Carlos III do Reino Unido,Q43274,2022-09-08T00:00:00Z,
GRL,Groenlândia,head_of_government,Jens-Frederik Nielsen,Q16262782,2025-03-28T00:00:00Z,
GRL,Groenlândia,head_of_state,Frederico X da Dinamarca,Q1004037,2024-01-14T00:00:00Z,
GTM,Guatemala,head_of_government,Bernardo Arévalo,Q107254030,2024-01-15T00:00:00Z,
GTM,Guatemala,head_of_state,Bernardo Arévalo,Q107254030,2024-01-15T00:00:00Z,
GUF,Guiana Francesa,head_of_government,Rodolphe Alexandre,Q3108632,,
GUM,Guam,head_of_government,Lou Leon Guerrero,Q21066675,2019-01-07T00:00:00Z,
GUY,Guiana,head_of_government,Mark Phillips,Q98053664,2020-08-02T00:00:00Z,
GUY,Guiana,head_of_state,Irfaan Ali,Q64840184,2020-08-02T00:00:00Z,
HKG,"Hong Kong, RAE da China",head_of_government,John Lee,Q9051824,2022-07-01T00:00:00Z,
HND,Honduras,head_of_government,Xiomara Castro,Q8044708,2022-01-27T00:00:00Z,
HND,Honduras,head_of_state,Xiomara Castro,Q8044708,2022-01-27T00:00:00Z,
HRV,Croácia,head_of_government,Andrej Plenković,Q11685764,2016-10-19T00:00:00Z,
HRV,Croácia,head_of_state,Zoran Milanović,Q57687,2020-02-19T00:00:00Z,
HTI,Haiti,head_of_government,Alix Didier Fils-Aimé,Q131140314,2024-11-11T00:00:00Z,
HTI,Haiti,head_of_state,Conselho Presidencial de Transição,Q124846311,2024-04-25T00:00:00Z,
HUN,Hungria,head_of_government,Viktor Orbán,Q57641,2010-05-29T00:00:00Z,
HUN,Hungria,head_of_state,Tamás Sulyok,Q28599854,2024-03-05T00:00:00Z,
IDN,Indonésia,head_of_government,Prabowo Subianto,Q2107268,,
IDN,Indonésia,head_of_state,Prabowo Subianto,Q2107268,2024-10-20T00:00:00Z,
IMN,Ilha de Man,head_of_government,Howard Quayle,Q25752048,,
IMN,Ilha de Man,head_of_state,Carlos III do Reino Unido,Q43274,2022-09-08T00:00:00Z,
IND,Índia,head_of_government,Narendra Modi,Q1058,2014-05-26T00:00:00Z,
IND,Índia,head_of_state,Droupadi Murmu,Q19901232,2022-07-25T00:00:00Z,
IRL,Irlanda,head_of_government,Micheál Martin,Q920403,2025-01-23T00:00:00Z,
IRL,Irlanda,head_of_state,Michael Higgins,Q57276,2011-11-11T00:00:00Z,
IRN,Irã,head_of_government,Masoud Pezeshkian,Q5933752,2024-07-06T00:00:00Z,
IRN,Irã,head_of_state,Ali Khamenei,Q57336,1989-06-04T00:00:00Z,
IRQ,Iraque,head_of_government,Mohammed Shia' Al Sudani,Q3700793,2022-10-27T00:00:00Z,
IRQ,Iraque,head_of_state,Abdul Latif Rashid,Q6496078,2022-10-17T00:00:00Z,
ISL,Islândia,head_of_government,Kristrún Frostadóttir,Q108856371,2024-12-21T00:00:00Z,
ISL,Islândia,head_of_state,Halla Tómasdóttir,Q24494577,2024-08-01T00:00:00Z,
ISR,Israel,head_of_government,Benjamin Netanyahu,Q43723,2022-12-29T00:00:00Z,
ISR,Israel,head_of_state,Isaac Herzog,Q983258,2021-07-07T00:00:00Z,
ITA,Itália,head_of_government,Giorgia Meloni,Q451791,2022-10-22T00:00:00Z,
ITA,Itália,head_of_state,Sergio Mattarella,Q3956186,2015-02-03T00:00:00Z,
JAM,Jamaica,head_of_government,Andrew Holness,Q505200,,
JAM,Jamaica,head_of_state,Carlos III do Reino Unido,Q43274,2022-09-08T00:00:00Z,
JEY,Jersey,head_of_government,John Le Fondré,Q16196549,,
JEY,Jersey,head_of_state,Carlos III do Reino Unido,Q43274,2022-09-08T00:00:00Z,
JOR,Jordânia,head_of_government,Bisher Al-Khasawneh,Q63441935,2020-10-07T00:00:00Z,
JOR,Jordânia,head_of_state,Abdullah II da Jordânia,Q57464,,
JPN,Japão,head_of_government,Shigeru Ishiba,Q1335527,2024-10-01T00:00:00Z,
JPN,Japão,head_of_state,"Naruhito, Príncipe Herdeiro do Japão",Q217096,2019-05-01T00:00:00Z,
KAZ,Cazaquistão,head_of_government,Alihan Smaiylov,Q56825894,2022-01-05T00:00:00Z,
KAZ,Cazaquistão,head_of_state,Kassym-Jomart Tokayev,Q200881,2019-01-01T00:00:00Z,
KEN,Quênia,head_of_government,William Ruto,Q195725,2022-09-13T00:00:00Z,
KEN,Quênia,head_of_state,William Ruto,Q195725,2022-09-13T00:00:00Z,
KGZ,Quirguistão,head_of_government,Adylbek Kasymaliev,Q112703041,2024-12-16T00:00:00Z,
KGZ,Quirguistão,head_of_state,Sadyr Japarov,Q25597826,2021-01-28T00:00:00Z,
KHM,Camboja,head_of_government,Hun Manet,Q13024351,,
KHM,Camboja,head_of_state,Norodom Sihamoni,Q57319,2004-10-14T00:00:00Z,
KIR,Quiribati,head_of_government,Taneti Maamau,Q23034482,2016-03-11T00:00:00Z,
KIR,Quiribati,head_of_state,Taneti Maamau,Q23034482,2016-03-11T00:00:00Z,
KNA,São Cristóvão e Névis,head_of_government,Terrance Drew,Q113443525,2022-01-01T00:00:00Z,
KNA,São Cristóvão e Névis,head_of_state,Carlos III do Reino Unido,Q43274,2022-09-08T00:00:00Z,
KOR,Coreia do Sul,head_of_government,Lee Ju-ho,Q16091128,2025-05-02T00:00:00Z,
KOR,Coreia do Sul,head_of_state,Lee Jae-myung,Q12612463,2025-06-04T00:00:00Z,
KWT,Kuwait,head_of_government,Sabah Al-Khalid Al-Sabah,Q12219691,,
KWT,Kuwait,head_of_state,Mishal Al-Ahmad Al-Jaber Al-Sabah,Q12243161,2023-12-16T00:00:00Z,
LAO,Laos,head_of_government,Phankham Viphavanh,Q7180477,2021-03-22T00:00:00Z,
LAO,Laos,head_of_state,Thongloun Sisoulith,Q58323,,
LBN,Líbano,head_of_government,Nawaf Salam,Q638463,2025-02-08T00:00:00Z,
LBN,Líbano,head_of_state,Joseph Aoun,Q29033962,2025-01-09T00:00:00Z,
LBR,Libéria,head_of_government,Joseph Boakai,Q2630483,2024-01-01T00:00:00Z,
LBR,Libéria,head_of_state,Joseph Boakai,Q2630483,2024-01-01T00:00:00Z,
LBY,Líbia,head_of_government,Abdulhamid Dabaiba,Q105319569,2021-02-05T00:00:00Z,
LBY,Líbia,head_of_state,Mohamed al-Menfi,Q105319610,2021-03-15T00:00:00Z,
LCA,Santa Lúcia,head_of_government,Allen Chastanet,Q16203640,2016-06-07T00:00:00Z,
LCA,Santa Lúcia,head_of_state,Carlos III do Reino Unido,Q43274,2022-09-08T00:00:00Z,
LIE,Liechtenstein,head_of_government,Daniel Risch,Q30882650,2021-03-25T00:00:00Z,
LIE,Liechtenstein,head_of_state,Hans-Adam II do Liechtenstein,Q57454,1989-11-13T00:00:00Z,
LKA,Sri Lanka,head_of_government,Harini Amarasuriya,Q98298397,2024-09-24T00:00:00Z,
LKA,Sri Lanka,head_of_state,Anura Kumara Dissanayaka,Q4777855,2024-09-23T00:00:00Z,
LSO,Lesoto,head_of_government,Sam Matekane,Q114588964,2022-10-28T00:00:00Z,
LSO,Lesoto,head_of_state,Letsie III do Lesoto,Q57537,1996-02-07T00:00:00Z,
LTU,Lituânia,head_of_government,Gintautas Paluckas,Q12655545,2024-12-12T00:00:00Z,
LTU,Lituânia,head_of_state,Gitanas Nausėda,Q9268379,2019-07-12T00:00:00Z,
LUX,Luxemburgo,head_of_government,Luc Frieden,Q592101,2023-11-17T00:00:00Z,
LUX,Luxemburgo,head_of_state,Henrique de Luxemburgo,Q16004,2000-10-07T00:00:00Z,
LVA,Letônia,head_of_government,Evika Siliņa,Q61121565,2023-09-15T00:00:00Z,
LVA,Letônia,head_of_state,Edgars Rinkēvičs,Q3047551,2023-07-08T00:00:00Z,
MAC,"Macau, RAE da China",head_of_government,Sam Hou Fai,Q7407632,2024-12-20T00:00:00Z,
MAR,Marrocos,head_of_government,Aziz Akhannouch,Q1638114,2021-10-07T00:00:00Z,
MAR,Marrocos,head_of_state,Mohammed VI de Marrocos,Q57553,1999-07-23T00:00:00Z,
MCO,Mônaco,head_of_government,Philippe Mettoux,Q33181566,2025-07-04T00:00:00Z,
MCO,Mônaco,head_of_state,Alberto II do Mónaco,Q3910,2005-04-06T00:00:00Z,
MDA,Moldávia,head_of_government,Dorin Recean,Q13407948,2023-02-16T00:00:00Z,
MDA,Moldávia,head_of_state,Maia Sandu,Q15071069,2020-12-24T00:00:00Z,
MDG,Madagascar,head_of_government,Christian Ntsay,Q54806925,2018-06-06T00:00:00Z,
MDG,Madagascar,head_of_state,Andry Rajoelina,Q57363,2019-01-19T00:00:00Z,
MDV,Maldivas,head_of_government,Mohamed Muizzu,Q116293030,2023-11-17T00:00:00Z,
MDV,Maldivas,head_of_state,Mohamed Muizzu,Q116293030,2023-11-17T00:00:00Z,
MEX,México,head_of_government,Claudia Sheinbaum,Q5771800,2024-09-30T00:00:00Z,
MEX,México,head_of_state,Claudia Sheinbaum,Q5771800,2024-09-30T00:00:00Z,
MHL,Ilhas Marshall,head_of_government,Hilda Heine,Q20090884,2024-01-03T00:00:00Z,
MHL,Ilhas Marshall,head_of_state,Hilda Heine,Q20090884,2024-01-03T00:00:00Z,
MKD,Macedônia do Norte,head_of_government,Hristijan Mickoski,Q46675558,2024-06-23T00:00:00Z,
MKD,Macedônia do Norte,head_of_state,Gordana Siljanovska-Davkova,Q12277168,2024-05-12T00:00:00Z,
MLI,Mali,head_of_government,Abdoulaye Maïga,Q113577661,2022-08-21T00:00:00Z,
MLI,Mali,head_of_state,Assimi Goita,Q98497406,2021-05-24T00:00:00Z,
MLT,Malta,head_of_government,Robert Abela,Q37860840,2020-01-01T00:00:00Z,
MLT,Malta,head_of_state,Myriam Spiteri Debono,Q1647394,2024-04-04T00:00:00Z,
MMR,Mianmar (Birmânia),head_of_government,Min Aung Hlaing,Q3462649,2021-02-01T00:00:00Z,
MMR,Mianmar (Birmânia),head_of_state,Myint Swe,Q3331362,2021-02-01T00:00:00Z,
MNE,Montenegro,head_of_government,Milojko Spajić,Q101225458,2023-10-31T00:00:00Z,
MNE,Montenegro,head_of_state,Jakov Milatović,Q104417661,2023-05-20T00:00:00Z,
MNG,Mongólia,head_of_government,Gombojavyn Zandanshatar,Q4142905,2025-06-13T00:00:00Z,
MNG,Mongólia,head_of_state,Ukhnaagiin Khürelsükh,Q27058418,2021-06-25T00:00:00Z,
MNP,Ilhas Marianas do Norte,head_of_government,Arnold Palacios,Q4795194,2023-01-09T00:00:00Z,
MOZ,Moçambique,head_of_government,Maria Benvida Levy,Q6761049,2025-01-15T00:00:00Z,
MOZ,Moçambique,head_of_state,Daniel Chapo,Q97058466,2025-01-15T00:00:00Z,
MRT,Mauritânia,head_of_government,Moctar Ould Diay,Q66793577,2024-08-02T00:00:00Z,
MRT,Mauritânia,head_of_state,Mohamed Ould Ghazouani,Q12241106,2019-08-01T00:00:00Z,
MSR,Montserrat,head_of_government,Donaldson Romeo,Q18164296,,
MSR,Montserrat,head_of_state,Harriet Cross,Q98425237,2025-04-08T00:00:00Z,
MTQ,Martinica,head_of_government,Serge Letchimy,Q608242,,
MUS,Maurício,head_of_government,Pravind Jugnauth,Q3401447,2017-01-23T00:00:00Z,
MUS,Maurício,head_of_state,Dharam Gokhool,Q131403499,2024-12-06T00:00:00Z,
MWI,Malaui,head_of_government,Lazarus Chakwera,Q16202782,,
MWI,Malaui,head_of_state,Lazarus Chakwera,Q16202782,2020-06-28T00:00:00Z,
MYS,Malásia,head_of_government,Anwar Ibrahim,Q299574,2022-11-24T00:00:00Z,
MYS,Malásia,head_of_state,Ibrahim Ismail de Johor,Q2657043,2024-01-31T00:00:00Z,
MYT,Mayotte,head_of_government,Ben Issa Ousseni,Q63765801,2021-07-01T00:00:00Z,
NAM,Namíbia,head_of_government,Elijah Ngurare,Q5360975,2025-03-21T00:00:00Z,
NAM,Namíbia,head_of_state,Netumbo Nandi-Ndaitwah,Q527020,2025-03-21T00:00:00Z,
NCL,Nova Caledônia,head_of_government,Philippe Germain,Q3379907,,
NER,Níger,head_of_government,Ali Lamine Zeine,Q2646711,2023-08-08T00:00:00Z,
NER,Níger,head_of_state,Abdourahamane Tchiani,Q120965176,2023-07-28T00:00:00Z,
NGA,Nigéria,head_of_government,Bola Tinubu,Q3510872,2023-05-29T00:00:00Z,
NGA,Nigéria,head_of_state,Bola Tinubu,Q3510872,2023-05-29T00:00:00Z,
NIC,Nicarágua,head_of_government,Daniel Ortega,Q57402,2007-01-10T00:00:00Z,
NIC,Nicarágua,head_of_state,Daniel Ortega,Q57402,2007-01-10T00:00:00Z,
NIU,Niue,head_of_government,Dalton Tagelagi,Q19876617,2020-06-11T00:00:00Z,
NIU,Niue,head_of_state,Carlos III do Reino Unido,Q43274,2022-09-08T00:00:00Z,
NLD,Países Baixos,head_of_government,Dick Schoof,Q22338116,2024-01-01T00:00:00Z,
NLD,Países Baixos,head_of_state,Guilherme Alexandre dos Países Baixos,Q154952,2013-04-30T00:00:00Z,
NOR,Noruega,head_of_government,Jonas Gahr Støre,Q467948,2021-10-14T00:00:00Z,
NOR,Noruega,head_of_state,Harald V da Noruega,Q57287,1991-01-17T00:00:00Z,
NPL,Nepal,head_of_government,Pushpa Kamal Dahal,Q315500,2022-12-26T00:00:00Z,
NPL,Nepal,head_of_state,Ram Chandra Poudel,Q3183124,2023-01-01T00:00:00Z,
NRU,Nauru,head_of_government,David Adeang,Q58096,2023-10-30T00:00:00Z,
NRU,Nauru,head_of_state,David Adeang,Q58096,2023-09-30T00:00:00Z,
NZL,Nova Zelândia,head_of_government,Christopher Luxon,Q74370310,2023-11-27T00:00:00Z,
NZL,Nova Zelândia,head_of_state,Carlos III do Reino Unido,Q43274,2022-09-08T00:00:00Z,
OMN,Omã,head_of_government,Haitham bin Tarik Al Said,Q12250314,2020-01-11T00:00:00Z,
OMN,Omã,head_of_state,Haitham bin Tarik Al Said,Q12250314,2020-01-11T00:00:00Z,
PAK,Paquistão,head_of_government,Shehbaz Sharif,Q2096387,2022-04-11T00:00:00Z,
PAK,Paquistão,head_of_state,Asif Ali Zardari,Q57373,2024-01-01T00:00:00Z,
PAN,Panamá,head_of_government,José Raúl Mulino,Q108454869,2024-07-01T00:00:00Z,
PAN,Panamá,head_of_state,José Raúl Mulino,Q108454869,2024-07-01T00:00:00Z,
PCN,Ilhas Pitcairn,head_of_government,Charlene Warren-Peu,Q75462006,2020-01-01T00:00:00Z,
PER,Peru,head_of_government,Dina Boluarte,Q106474688,2022-12-07T00:00:00Z,
PER,Peru,head_of_state,Dina Boluarte,Q106474688,2022-12-07T00:00:00Z,
PHL,Filipinas,head_of_government,Bongbong Marcos,Q983324,2022-06-30T00:00:00Z,
PHL,Filipinas,head_of_state,Bongbong Marcos,Q983324,2022-06-30T00:00:00Z,
PLW,Palau,head_of_government,Surangel Whipps Jr.,Q26703072,2021-01-21T00:00:00Z,
PLW,Palau,head_of_state,Surangel Whipps Jr.,Q26703072,2021-01-21T00:00:00Z,
PNG,Papua-Nova Guiné,head_of_government,James Marape,Q6138903,2019-05-30T00:00:00Z,
PNG,Papua-Nova Guiné,head_of_state,Carlos III do Reino Unido,Q43274,2022-09-08T00:00:00Z,
POL,Polônia,head_of_government,Donald Tusk,Q946,2023-12-13T00:00:00Z,
POL,Polônia,head_of_state,Karol Nawrocki,Q17704749,2025-08-06T00:00:00Z,
PRI,Porto Rico,head_of_government,Jenniffer González,Q16215793,2025-01-01T00:00:00Z,
PRK,Coreia do Norte,head_of_government,Pak Thae-song,Q16905281,2024-12-01T00:00:00Z,
PRK,Coreia do Norte,head_of_state,Kim Jong-un,Q56226,2011-12-30T00:00:00Z,
PRT,Portugal,head_of_government,Luís Montenegro,Q11764394,2024-04-02T00:00:00Z,
PRT,Portugal,head_of_state,Marcelo Rebelo de Sousa,Q6756617,2016-03-09T00:00:00Z,
PRY,Paraguai,head_of_government,Santiago Peña,Q22695687,,
PRY,Paraguai,head_of_state,Santiago Peña,Q22695687,2023-04-30T00:00:00Z,
PSE,Territórios palestinos,head_of_government,Mohammad Shtayyeh,Q16192933,2019-03-10T00:00:00Z,
PSE,Territórios palestinos,head_of_state,Mahmoud Abbas,Q127998,2005-01-15T00:00:00Z,
PYF,Polinésia Francesa,head_of_government,Édouard Fritch,Q1106890,,
QAT,Catar,head_of_government,Mohammed bin Abdul Rahman Al Thani,Q23020336,2023-01-01T00:00:00Z,
QAT,Catar,head_of_state,Tamim bin Hamad al-Thani,Q1855372,2013-06-25T00:00:00Z,
REU,Reunião,head_of_government,Huguette Bello,Q3142774,2021-01-01T00:00:00Z,
ROU,Romênia,head_of_government,Ilie Bolojan,Q18538164,2025-06-23T00:00:00Z,
ROU,Romênia,head_of_state,Nicușor Dan,Q11163124,2025-05-26T00:00:00Z,
RUS,Rússia,head_of_government,Mikhail Mishustin,Q4298520,2020-01-16T00:00:00Z,
RUS,Rússia,head_of_state,Vladimir Putin,Q7747,2012-05-07T00:00:00Z,
RWA,Ruanda,head_of_government,Édouard Ngirente,Q38188115,2017-08-30T00:00:00Z,
RWA,Ruanda,head_of_state,Paul Kagame,Q1231345,2000-03-24T00:00:00Z,
SAU,Arábia Saudita,head_of_government,Salman bin Abdalaziz Al Saud,Q367825,2015-01-23T00:00:00Z,
SAU,Arábia Saudita,head_of_state,Salman bin Abdalaziz Al Saud,Q367825,2015-01-23T00:00:00Z,
SDN,Sudão,head_of_government,Abdalla Hamdok,Q27654948,2019-08-21T00:00:00Z,
SDN,Sudão,head_of_state,Abdel Fattah Abdelrahman Burhan,Q63111184,2019-04-12T00:00:00Z,
SEN,Senegal,head_of_government,Bassirou Diomaye Diakhar Faye,Q124382437,2024-04-02T00:00:00Z,
SEN,Senegal,head_of_state,Bassirou Diomaye Diakhar Faye,Q124382437,2024-04-02T00:00:00Z,
SGP,Singapura,head_of_government,Lawrence Wong,Q6504758,2024-05-15T00:00:00Z,
SGP,Singapura,head_of_state,Tharman Shanmugaratnam,Q983752,2023-09-14T00:00:00Z,
SGS,Ilhas Geórgia do Sul e Sandwich do Sul,head_of_government,Nigel Haywood,Q3341354,,
SHN,Santa Helena,head_of_government,Philip Rushbrook,Q59638933,,
SLB,Ilhas Salomão,head_of_government,Jeremiah Manele,Q6180897,2024-05-02T00:00:00Z,
SLB,Ilhas Salomão,head_of_state,Carlos III do Reino Unido,Q43274,2022-09-08T00:00:00Z,
SLE,Serra Leoa,head_of_government,David Sengeh,Q23728768,2023-01-01T00:00:00Z,
SLE,Serra Leoa,head_of_state,Julius Maada Bio,Q283829,2018-04-04T00:00:00Z,
SLV,El Salvador,head_of_government,Nayib Bukele,Q17712353,2019-06-01T00:00:00Z,
SLV,El Salvador,head_of_state,Nayib Bukele,Q17712353,2019-06-01T00:00:00Z,
SMR,San Marino,head_of_state,Italo Righi,Q1353628,20254-04-01T00:00:00Z,
SOM,Somália,head_of_government,Mohamed Hussein Roble,Q99605101,2020-09-23T00:00:00Z,
SOM,Somália,head_of_state,Hassan Sheikh Mohamud,Q319153,2022-05-15T00:00:00Z,
SPM,São Pedro e Miquelão,head_of_government,Stéphane Artano,Q3501568,,
SRB,Sérvia,head_of_government,Đuro Macut,Q42478807,2025-04-16T00:00:00Z,
SRB,Sérvia,head_of_state,Aleksandar Vučić,Q222031,2017-05-31T00:00:00Z,
SSD,Sudão do Sul,head_of_government,Salva Kiir Mayardit,Q57315,,
SSD,Sudão do Sul,head_of_state,Salva Kiir Mayardit,Q57315,2011-07-09T00:00:00Z,
STP,São Tomé e Príncipe,head_of_government,Américo Ramos,Q131749390,2025-01-12T00:00:00Z,
STP,São Tomé e Príncipe,head_of_state,Carlos Vila Nova,Q27982047,2021-10-02T00:00:00Z,
SUR,Suriname,head_of_government,Chan Santokhi,Q333135,2020-07-16T00:00:00Z,
SUR,Suriname,head_of_state,Chan Santokhi,Q333135,2020-07-16T00:00:00Z,
SVK,Eslováquia,head_of_government,Robert Fico,Q57606,2023-10-25T00:00:00Z,
SVK,Eslováquia,head_of_state,Peter Pellegrini,Q17330556,2024-06-15T00:00:00Z,
SVN,Eslovênia,head_of_government,Robert Golob,Q18645045,2022-05-25T00:00:00Z,
SVN,Eslovênia,head_of_state,Nataša Pirc Musar,Q12797332,2022-12-22T00:00:00Z,
SWE,Suécia,head_of_government,Ulf Kristersson,Q1780398,2022-10-18T00:00:00Z,
SWE,Suécia,head_of_state,Carlos XVI Gustavo da Suécia,Q45068,1973-09-15T00:00:00Z,
SWZ,Essuatíni,head_of_government,Russell Dlamini,Q123342092,2023-11-04T00:00:00Z,
SWZ,Essuatíni,head_of_state,Mswati III de Essuatíni,Q57340,1986-04-25T00:00:00Z,
SXM,Sint Maarten,head_of_government,Leona Marlin-Romeo,Q47262798,2018-01-15T00:00:00Z,
SXM,Sint Maarten,head_of_state,Eugene Holiday,Q2298739,,
SYC,Seicheles,head_of_government,Wavel Ramkalawan,Q1568174,2020-10-26T00:00:00Z,
SYC,Seicheles,head_of_state,Wavel Ramkalawan,Q1568174,2020-10-26T00:00:00Z,
SYR,Síria,head_of_state,Bashar al-Assad,Q44329,2000-07-17T00:00:00Z,2024-12-08T00:00:00Z
TCA,Ilhas Turcas e Caicos,head_of_government,Washington Misick,Q7972058,,
TCA,Ilhas Turcas e Caicos,head_of_state,Carlos III do Reino Unido,Q43274,,
TCD,Chade,head_of_government,Idriss Déby,Q57350,2018-05-04T00:00:00Z,2021-04-20T00:00:00Z
TCD,Chade,head_of_state,Mahamat Déby Itno,Q16206405,,
TGO,Togo,head_of_government,Faure Gnassingbé,Q4414,2025-05-03T00:00:00Z,
TGO,Togo,head_of_state,Jean-Lucien Savi de Tové,Q6169516,2025-05-03T00:00:00Z,
THA,Tailândia,head_of_government,Phumtham Wechayachai,Q13018661,2025-07-03T00:00:00Z,
THA,Tailândia,head_of_state,Maha Vajiralongkorn,Q548733,2016-10-13T00:00:00Z,
TJK,Tadjiquistão,head_of_government,Kokhir Rasulzoda,Q15222839,2013-11-23T00:00:00Z,
TJK,Tadjiquistão,head_of_state,Emomali Rakhmov,Q57366,,
TKM,Turcomenistão,head_of_government,Serdar Berdimuhammedow,Q51874548,2022-03-19T00:00:00Z,
TKM,Turcomenistão,head_of_state,Serdar Berdimuhammedow,Q51874548,2022-03-19T00:00:00Z,
TLS,Timor-Leste,head_of_government,Xanana Gusmão,Q11509,2023-01-01T00:00:00Z,
TLS,Timor-Leste,head_of_state,José Ramos-Horta,Q11665,2022-05-20T00:00:00Z,
TON,Tonga,head_of_government,'Aisake Eke,Q8083950,2025-01-22T00:00:00Z,
TON,Tonga,head_of_state,Tupou VI,Q208497,2012-03-18T00:00:00Z,
TTO,Trinidad e Tobago,head_of_government,Kamla Persad-Bissessar,Q57712,2025-05-01T00:00:00Z,
TTO,Trinidad e Tobago,head_of_state,Christine Kangaloo,Q97400315,2023-03-20T00:00:00Z,
TUN,Tunísia,head_of_government,Sara Zaafarani,Q108892374,2025-03-21T00:00:00Z,
TUN,Tunísia,head_of_state,Kaïs Saïed,Q16120878,2019-10-23T00:00:00Z,
TUR,Turquia,head_of_government,Recep Tayyip Erdoğan,Q39259,2018-06-24T00:00:00Z,
TUR,Turquia,head_of_state,Recep Tayyip Erdoğan,Q39259,2014-08-28T00:00:00Z,
TUV,Tuvalu,head_of_government,Feleti Teo,Q5441662,2024-02-26T00:00:00Z,
TUV,Tuvalu,head_of_state,Carlos III do Reino Unido,Q43274,2022-09-08T00:00:00Z,
TWN,Taiwan,head_of_government,Cho Jung-tai,Q5116472,2024-05-20T00:00:00Z,
TWN,Taiwan,head_of_state,Lai Ching‑te,Q3847080,2024-05-20T00:00:00Z,
TZA,Tanzânia,head_of_government,Samia Suluhu,Q16193885,,
TZA,Tanzânia,head_of_state,Samia Suluhu,Q16193885,2021-03-19T00:00:00Z,
UGA,Uganda,head_of_government,Robinah Nabbanja,Q62481397,2021-06-01T00:00:00Z,
UGA,Uganda,head_of_state,Yoweri Museveni,Q57274,1986-01-29T00:00:00Z,
UKR,Ucrânia,head_of_government,Yulia Svyrydenko,Q61112536,2025-07-17T00:00:00Z,
UKR,Ucrânia,head_of_state,Volodymyr Zelenski,Q3874799,2019-05-20T00:00:00Z,
URY,Uruguai,head_of_government,Yamandú Orsi,Q19946921,2025-03-01T00:00:00Z,
URY,Uruguai,head_of_state,Yamandú Orsi,Q19946921,2025-03-01T00:00:00Z,
USA,Estados Unidos,head_of_government,Donald Trump,Q22686,2025-01-20T00:00:00Z,
USA,Estados Unidos,head_of_state,Donald Trump,Q22686,2025-01-20T00:00:00Z,
UZB,Uzbequistão,head_of_government,Abdulla Aripov,Q28002959,2016-12-14T00:00:00Z,
UZB,Uzbequistão,head_of_state,Shavkat Mirziyayev,Q57808,2016-09-08T00:00:00Z,
VAT,Cidade do Vaticano,head_of_government,Raffaella Petrini,Q109385659,2025-03-01T00:00:00Z,
VAT,Cidade do Vaticano,head_of_state,Leão XIV,Q6109517,2025-05-08T00:00:00Z,
VCT,São Vicente e Granadinas,head_of_government,Ralph Gonsalves,Q57800,,
VCT,São Vicente e Granadinas,head_of_state,Carlos III do Reino Unido,Q43274,2022-09-08T00:00:00Z,
VEN,Venezuela,head_of_government,Juan Guaidó,Q58833335,2019-01-23T00:00:00Z,
VEN,Venezuela,head_of_state,Nicolás Maduro,Q58132,2013-03-05T00:00:00Z,
VGB,Ilhas Virgens Britânicas,head_of_government,Andrew Fahie,Q28709152,2019-02-26T00:00:00Z,
VIR,Ilhas Virgens Americanas,head_of_government,Albert Bryan,Q59302363,2019-01-07T00:00:00Z,
VNM,Vietnã,head_of_government,Phạm Minh Chính,Q10806940,2021-04-05T00:00:00Z,
VNM,Vietnã,head_of_state,Tô Lâm,Q10831196,2024-05-22T00:00:00Z,
VUT,Vanuatu,head_of_government,Bob Loughman,Q16190741,2020-04-20T00:00:00Z,
VUT,Vanuatu,head_of_state,Nikenike Vurobaravu,Q113239716,2022-07-23T00:00:00Z,
WSM,Samoa,head_of_government,Naomi Mata'afa,Q5446290,2021-05-24T00:00:00Z,
WSM,Samoa,head_of_state,Va'aletoa Sualauvi II,Q32014514,2017-07-21T00:00:00Z,
YEM,Iêmen,head_of_government,Maeen Abdulmalik Saeed,Q57373157,2018-10-15T00:00:00Z,
YEM,Iêmen,head_of_state,Rashad al-Alimi,Q12213376,2022-04-07T00:00:00Z,
ZAF,África do Sul,head_of_government,Cyril Ramaphosa,Q1148669,2018-02-15T00:00:00Z,
ZAF,África do Sul,head_of_state,Cyril Ramaphosa,Q1148669,2018-02-15T00:00:00Z,
ZMB,Zâmbia,head_of_government,Edgar Lungu,Q18352991,,
ZMB,Zâmbia,head_of_state,Hakainde Hichilema,Q717185,2021-08-24T00:00:00Z,
ZWE,Zimbábue,head_of_government,Emmerson Mnangagwa,Q510523,2017-11-24T00:00:00Z,
ZWE,Zimbábue,head_of_state,Emmerson Mnangagwa,Q510523,2017-11-24T00:00:00Z,
